benid,tittle,description
1,Filling but Low-Calorie, Smoothies can be satisfying while remaining low in calories. Unlike traditional breakfasts  which can be calorie-dense  a smoothie often contains fewer than 150 calories and still keeps you full.
2,Fat-Busting Ingredients, Fresh produce in smoothies  such as berries and green vegetables (like kale and broccoli)  contains flavonoids that help stimulate fat burning. A healthy diet reduces the need for fat storage.
3,Fuel for Exercise, Smoothies provide protein healthy fats  and slow-digesting fiberâ€”ideal for sustained energy during workouts. Nutrients also aid muscle recovery after exercise.
4,Hydration, Smoothies contribute to hydration  especially when made with water-rich fruits and vegetables.
5,Antioxidants, Packed with antioxidants  smoothies protect your body from disease and infection. They also support a healthy immune system.
6,Better Digestion, The fiber content in smoothies aids digestion and keeps you feeling satisfied.
7,Promotes Healthy Sleep, Certain nutrients in smoothies can positively impact sleep quality.
8,Glowing Skin, Nutrients like vitamins and minerals contribute to healthier skin.
9,Brain Health, Smoothies provide essential nutrients that benefit brain function.
10,Mood Enhancement, The combination of nutrients can promote a good mood and even out mood swings.
